{"500,10":[[5,10,15,20,25,30,35,40],[1.8386413107920856,1.8386413107920856,1.8386413107920856,1.8386413107920856,1.8386413107920856,1.8386413107920856,1.8386413107920856,1.8386413107920856]],"1000,20":[[5,10,15,20,25,30,35,40],[1.3454401657602737,1.3454401657602737,1.3454401657602737,1.3454401657602737,1.3454401657602737,1.3454401657602737,1.3454401657602737,1.3454401657602737]],"1500,50":[[5,10,15,20,25,30,35,40],[0.9144525575930229,0.9144525575930229,0.9144525575930229,0.9144525575930229,0.9144525575930229,0.9144525575930229,0.9144525575930229,0.9144525575930229]]}