{
  "10000,200": [
    [
      5,
      10,
      15,
      20,
      25,
      30,
      35,
      40
    ],
    [
      0.6685970319390511,
      0.6568543423393454,
      0.6636997883683085,
      0.6754836209166427,
      0.6857470050743741,
      0.6922333230138148,
      0.6954726613104328,
      0.6967441651570138
    ]
  ],
  "15000,500": [
    [
      5,
      10,
      15,
      20,
      25,
      30,
      35,
      40
    ],
    [
      0.6726809063115253,
      0.655282465121213,
      0.654092641248473,
      0.6589434765922771,
      0.6658062140661941,
      0.6732102591530517,
      0.6798282248277343,
      0.6853992909115371
    ]
  ],
  "5000,100": [
    [
      5,
      10,
      15,
      20,
      25,
      30,
      35,
      40
    ],
    [
      0.67223717631733,
      0.6774114334491442,
      0.6973542879448242,
      0.7075697861854842,
      0.7096183038640312,
      0.7098449767335077,
      0.709870301756635,
      0.709870301756635
    ]
  ]
}