{"500,10":[[5,10,15,20,25,30,35,40],[0.6643496288069447,0.6879939108079879,0.6467396043330653,0.6484152768391004,0.6705445425872336,0.6708020213392284,0.6370963142798831,0.6726818917275124]],"1000,20":[[5,10,15,20,25,30,35,40],[0.6573523624356811,0.6593898013093626,0.6626561338801125,0.6495371305249302,0.6632485244354788,0.6599667822464145,0.639323165702774,0.6558543061133385]],"1500,50":[[5,10,15,20,25,30,35,40],[0.6381160254701921,0.6530085993744186,0.6641295104548779,0.6608295638042927,0.6690604046630081,0.657381684105853,0.6636526244293982,0.6586107517914194]]}