{
  "5000,100": [
    [
      25,
      50,
      75
    ],
    [
      0.6108757180486254,
      0.6118819642389609,
      0.6117522659966986
    ]
  ],
  "10000,200": [
    [
      25,
      50,
      75
    ],
    [
      0.6026635514950814,
      0.5999574884971619,
      0.6012144008054559
    ]
  ],
  "15000,500": [
    [
      25,
      50,
      75
    ],
    [
      0.6014354083179619,
      0.6021081525662972,
      0.6012470848709774
    ]
  ]
}