m_items,model,time
100,mf,85.53364896774292
100,knn,50.345454931259155
200,mf,214.99840712547302
200,knn,215.80447816848755
500,mf,649.83447098732
500,knn,908.245903968811