m_items,model,mae
100,mf,0.6020739623602406
100,knn,0.5882471518083588
200,mf,0.5927297737760018
200,knn,0.5852608352383716
500,mf,0.5948053122307478
500,knn,0.591381607694365