{"10000,25":[[5,10,15,20,25,30,35,40,45,50,55,60],[0.6345070667393213,0.6786772406959911,0.6671906228987067,0.6767693628372585,0.6398101434246524,0.615050970636285,0.6661816211080783,0.666425411438782,0.6564471673902877,0.6520573069122182,0.661304331240142,0.658957071280588]],"10000,50":[[5,10,15,20,25,30,35,40,45,50,55,60],[0.6348913690842992,0.6343153833902162,0.6500951178870549,0.6432709890537581,0.6385696686869213,0.6495306346138243,0.6456327014567055,0.6513040652638195,0.6456785869251151,0.6475978822942926,0.6417449661617293,0.6228210167194449]],"10000,75":[[5,10,15,20,25,30,35,40,45,50,55,60],[0.6708667410043075,0.6438550678094663,0.6443863611383788,0.6482135486003398,0.65510186677782,0.6426734902888233,0.6640382634538078,0.6541574266561768,0.6364507814480878,0.6548188536089334,0.6437239702299993,0.6369779419414163]],"10000,100":[[5,10,15,20,25,30,35,40,45,50,55,60],[0.6537051108282924,0.652589210826694,0.6518910148436586,0.6440887629136465,0.6406354967315857,0.6491628869335074,0.6464764099328113,0.6398899382128808,0.655870206356049,0.6403437467492159,0.6499042815589025,0.6316695898388655]]}