{"5000,100":[[5,10,15,20,25,30,35,40,45,50,55],[0.5971433577293015,0.5890695841949373,0.5882471518083588,0.5906670102549931,0.5944110434805223,0.599662024819753,0.6060824532574576,0.6092690579106814,0.6074834108482067,0.6107452840044233,0.6083690560907271]],"10000,200":[[5,10,15,20,25,30,35,40,45,50,55],[0.5955990054688324,0.585559004605219,0.5852608352383716,0.5880346041684267,0.5919809240149152,0.5955095213909,0.5978225819930525,0.5979815478343858,0.6023781915593793,0.603621146116095,0.6059176576415329]],"15000,500":[[5,10,15,20,25,30,35,40,45,50,55],[0.603459865435483,0.5937731673270333,0.591381607694365,0.5931618248585596,0.5953775260859105,0.5978600237334731,0.5987450805716731,0.6014361956279862,0.6017938578332188,0.6042554804730025,0.6059292309135896]]}