{
  "5000,100": [
    [
      5,
      10,
      15,
      20,
      25,
      30,
      35,
      40,
      45,
      50,
      55
    ],
    [
      0.6092712964930003,
      0.6001550403645343,
      0.6020739623602406,
      0.6001490723489832,
      0.6011175079071823,
      0.5973384406840454,
      0.6009651727220245,
      0.5984508478132153,
      0.5992278747891978,
      0.6011554944279258,
      0.597249518466352
    ]
  ],
  "10000,200": [
    [
      5,
      10,
      15,
      20,
      25,
      30,
      35,
      40,
      45,
      50,
      55
    ],
    [
      0.602162324847319,
      0.5994190320853163,
      0.5927297737760018,
      0.5947218057335598,
      0.5921568677448676,
      0.5907752201023988,
      0.5906005576514349,
      0.5888767983139612,
      0.590060819918789,
      0.5886899829826157,
      0.5908695017041425
    ]
  ],
  "15000,500": [
    [
      5,
      10,
      15,
      20,
      25,
      30,
      35,
      40,
      45,
      50,
      55
    ],
    [
      0.6040114806996968,
      0.6005616446551229,
      0.5948053122307478,
      0.592779766055133,
      0.5930340978587665,
      0.5903566899180909,
      0.5910126756188048,
      0.590669137806953,
      0.590782575485151,
      0.5895643111116561,
      0.5902194946802294
    ]
  ]
}