{"10000,25":[[5,10,15,20,25,30,35,40,45,50,55,60],[0.6681180933492258,0.6538679339776695,0.6781039866460913,0.649693519218256,0.6588164421635895,0.6786953339567556,0.6792258598928302,0.6486297972445737,0.6589308618839661,0.6637184875615444,0.6553425364809167,0.6810003419361158]],"10000,50":[[5,10,15,20,25,30,35,40,45,50,55,60],[0.6401030224213303,0.6639003676752897,0.6524105308751079,0.6590485442740077,0.6549954827313554,0.6615755911081734,0.6525527651493955,0.651799955889075,0.6641956054438615,0.6315825629833465,0.6585265698754063,0.6592129873717485]],"10000,75":[[5,10,15,20,25,30,35,40,45,50,55,60],[0.6514532812798951,0.6600403850990241,0.6610700129056403,0.6562813842582048,0.655409904014865,0.6535695779120823,0.6375045698333902,0.6661075528197804,0.6576726893689515,0.6660256352459007,0.6540958234780841,0.6575609477629801]],"10000,100":[[5,10,15,20,25,30,35,40,45,50,55,60],[0.6502522558783308,0.6543874382788283,0.6434764068916167,0.6497525831201317,0.6732491861683512,0.6560265251488048,0.661518268039054,0.6606292798046504,0.6588836753591449,0.6414070900735266,0.6609621571218048,0.6469771858937706]]}